{
  "previous_defaults": 2.2542136812162084,
  "savings_balance": 1.1768441790805413,
  "late_payment_count": 0.957449576918295,
  "employment_years": 0.7626232382310989,
  "home_ownership_own": 0.6635013146902458,
  "monthly_income": 0.6275712581817681,
  "loan_purpose_personal": 0.4923605883734467,
  "credit_utilization": 0.3276723728911119,
  "debt_to_income": 0.32246104314299223,
  "requested_amount": 0.2949091457472614,
  "credit_history_length": 0.2670147551575767,
  "loan_purpose_education": 0.2118679884315773,
  "marital_status_single": 0.15863960862446275,
  "marital_status_married": 0.14154905099176457,
  "employment_type_permanent": 0.11924757320886599,
  "employment_type_self_employed": 0.10659013169576549,
  "checking_balance": 0.09892772476442063,
  "existing_loans": 0.08054385808375206,
  "loan_purpose_home": 0.05828322098201404,
  "age": 0.045644709895576764,
  "home_ownership_rent": 0.04320091752264392,
  "dependents": 0.03894492633117451,
  "education_level_high_school": 0.038073541676798495,
  "home_ownership_mortgage": 0.03535819419514792,
  "education_level_master": 0.0336574523879105,
  "loan_purpose_car": 0.019322198511107645,
  "education_level_phd": 0.01664885019684238,
  "marital_status_widowed": 0.014308911327082322
}