{
  "previous_defaults": 0.13741666078567505,
  "debt_to_income": 0.09679736942052841,
  "savings_balance": 0.07938020676374435,
  "home_ownership_own": 0.06287316977977753,
  "credit_utilization": 0.06110113114118576,
  "monthly_income": 0.058639273047447205,
  "late_payment_count": 0.05843602493405342,
  "employment_years": 0.05637558177113533,
  "loan_purpose_personal": 0.050074074417352676,
  "requested_amount": 0.037066929042339325,
  "credit_history_length": 0.03477789834141731,
  "education_level_master": 0.026352867484092712,
  "employment_type_permanent": 0.025992196053266525,
  "marital_status_single": 0.023227408528327942,
  "home_ownership_mortgage": 0.0205252543091774,
  "loan_purpose_car": 0.019841192290186882,
  "checking_balance": 0.019650695845484734,
  "existing_loans": 0.01824115216732025,
  "employment_type_self_employed": 0.017564866691827774,
  "age": 0.01707485131919384,
  "dependents": 0.015330405905842781,
  "education_level_high_school": 0.014855273999273777,
  "marital_status_married": 0.013868885114789009,
  "loan_purpose_home": 0.013106707483530045,
  "loan_purpose_education": 0.012188438326120377,
  "home_ownership_rent": 0.009241422638297081,
  "education_level_phd": 0.0,
  "marital_status_widowed": 0.0
}