{
  "model_id": "credit_model_xgb_20260119_004726",
  "model_version": "1.0.0",
  "model_type": "xgboost",
  "training_date": "2026-01-19T00:47:26.487105",
  "training_data_size": 1600,
  "test_data_size": 400,
  "features_used": [
    "monthly_income",
    "employment_years",
    "debt_to_income",
    "existing_loans",
    "late_payment_count",
    "credit_utilization",
    "requested_amount",
    "age",
    "dependents",
    "savings_balance",
    "checking_balance",
    "credit_history_length",
    "previous_defaults",
    "employment_type_permanent",
    "employment_type_self_employed",
    "loan_purpose_car",
    "loan_purpose_education",
    "loan_purpose_home",
    "loan_purpose_personal",
    "education_level_high_school",
    "education_level_master",
    "education_level_phd",
    "marital_status_married",
    "marital_status_single",
    "marital_status_widowed",
    "home_ownership_mortgage",
    "home_ownership_own",
    "home_ownership_rent"
  ],
  "performance_metrics": {
    "accuracy": 0.86,
    "precision": 0.8693693693693694,
    "recall": 0.8772727272727273,
    "f1_score": 0.8733031674208145,
    "auc_roc": 0.9501010101010101,
    "confusion_matrix": [
      [
        151,
        29
      ],
      [
        27,
        193
      ]
    ]
  },
  "feature_importance": {
    "previous_defaults": 0.13741666078567505,
    "debt_to_income": 0.09679736942052841,
    "savings_balance": 0.07938020676374435,
    "home_ownership_own": 0.06287316977977753,
    "credit_utilization": 0.06110113114118576,
    "monthly_income": 0.058639273047447205,
    "late_payment_count": 0.05843602493405342,
    "employment_years": 0.05637558177113533,
    "loan_purpose_personal": 0.050074074417352676,
    "requested_amount": 0.037066929042339325,
    "credit_history_length": 0.03477789834141731,
    "education_level_master": 0.026352867484092712,
    "employment_type_permanent": 0.025992196053266525,
    "marital_status_single": 0.023227408528327942,
    "home_ownership_mortgage": 0.0205252543091774,
    "loan_purpose_car": 0.019841192290186882,
    "checking_balance": 0.019650695845484734,
    "existing_loans": 0.01824115216732025,
    "employment_type_self_employed": 0.017564866691827774,
    "age": 0.01707485131919384,
    "dependents": 0.015330405905842781,
    "education_level_high_school": 0.014855273999273777,
    "marital_status_married": 0.013868885114789009,
    "loan_purpose_home": 0.013106707483530045,
    "loan_purpose_education": 0.012188438326120377,
    "home_ownership_rent": 0.009241422638297081,
    "education_level_phd": 0.0,
    "marital_status_widowed": 0.0
  },
  "deployment_status": "trained",
  "notes": "XGBoost model for comparison"
}